Title,Note,URL,Comment
BERBERE by T&T Lifestyle,,https://www.google.com/maps/place/BERBERE+by+T%26T+Lifestyle/data=!4m2!3m1!1s0x80c2bb9123d911d5:0x78b93f41c36c4aaa,
Tuk Tuk x Turntable,,https://www.google.com/maps/place/Tuk+Tuk+x+Turntable/data=!4m2!3m1!1s0x80c2bbc10f128391:0x8cc1246b975e23d8,
Charcoal Venice,,https://www.google.com/maps/place/Charcoal+Venice/data=!4m2!3m1!1s0x80c2bb2e705c8d5f:0x5a4d7eb59b884fba,
Esters Wine Shop & Bar,,https://www.google.com/maps/place/Esters+Wine+Shop+%26+Bar/data=!4m2!3m1!1s0x80c2a4ce955a98e5:0x9f552a66874e8b9b,
The Cloverfield,,https://www.google.com/maps/place/The+Cloverfield/data=!4m2!3m1!1s0x80c2bbf9a65109b5:0x573a8da47adbe7c2,
Sonny McLean's Irish Pub,,https://www.google.com/maps/place/Sonny+McLean's+Irish+Pub/data=!4m2!3m1!1s0x80c2bb4f18e5c555:0x9d0126f253b691ae,
LOKL HAUS,,https://www.google.com/maps/place/LOKL+HAUS/data=!4m2!3m1!1s0x80c2bb4ce042d5a7:0x774cd107614c53a8,
Tar & Roses,,https://www.google.com/maps/place/Tar+%26+Roses/data=!4m2!3m1!1s0x80c2a4cfdca2f48b:0xebecb3c6ba420afc,
ROOTS Indian Bistro,,https://www.google.com/maps/place/ROOTS+Indian+Bistro/data=!4m2!3m1!1s0x80c2bf49d71b3e1d:0xcd22ff26421bfc96,
Wharo,,https://www.google.com/maps/place/Wharo/data=!4m2!3m1!1s0x80c2ba8eebc4c893:0xd182fdc4f261d99d,
Pampas Grill,,https://www.google.com/maps/place/Pampas+Grill/data=!4m2!3m1!1s0x80c2ba307329ec01:0x5a424aa4d34389a,
Amandine Patisserie Cafe,,https://www.google.com/maps/place/Amandine+Patisserie+Cafe/data=!4m2!3m1!1s0x80c2bb5ca759401f:0x8812a5e003fe30c8,
Industry Cafe & Jazz,,https://www.google.com/maps/place/Industry+Cafe+%26+Jazz/data=!4m2!3m1!1s0x80c2b99c4dce711d:0xc8c3b4d4b6f70196,
Rita's Gate Of India,,https://www.google.com/maps/place/Rita's+Gate+Of+India/data=!4m2!3m1!1s0x80c2a4ce175d877f:0x960868f849716d76,
DongTing Noodle,,https://www.google.com/maps/place/DongTing+Noodle/data=!4m2!3m1!1s0x80c2bbdccfa9117b:0xcc086ed7f4fa7cc6,
Rutts Hawaiian Cafe,,https://www.google.com/maps/place/Rutts+Hawaiian+Cafe/data=!4m2!3m1!1s0x80c2ba692c81394d:0xf92df184f24e405c,
Gyu-Kaku Japanese BBQ,,https://www.google.com/maps/place/Gyu-Kaku+Japanese+BBQ/data=!4m2!3m1!1s0x80c2bba2fcc7451d:0xaf5a4556993fa4b2,
John O' Groats,,https://www.google.com/maps/place/John+O'+Groats/data=!4m2!3m1!1s0x80c2bb9582269ef1:0x1b4cee886309f76e,
Estate Coffee,,https://www.google.com/maps/place/Estate+Coffee/data=!4m2!3m1!1s0x80c2bb72ed92e8e5:0xd6ab1139f14341f4,
Emmy Squared Pizza,,https://www.google.com/maps/place/Emmy+Squared+Pizza/data=!4m2!3m1!1s0x80c2bb70a0ba3721:0x4a30896d1d501d6f,
Yamakase,,https://www.google.com/maps/place/Yamakase/data=!4m2!3m1!1s0x80c2bb5bf5cc4ce9:0xa46604dd543ca1c7,
Pizzarito NY Pizza By The Slice,,https://www.google.com/maps/place/Pizzarito+NY+Pizza+By+The+Slice/data=!4m2!3m1!1s0x80c2bbbde64f1ee9:0xe685d7c9c11792c1,
USofE Coffee Cafe: Venice,,https://www.google.com/maps/place/USofE+Coffee+Cafe:+Venice/data=!4m2!3m1!1s0x80c2bb1a8470a647:0x22e0cc3049af3d80,
Joe's Pizza,,https://www.google.com/maps/place/Joe's+Pizza/data=!4m2!3m1!1s0x80c2a4d05dbac58b:0x39589153a1693c95,
Interstellar,,https://www.google.com/maps/place/Interstellar/data=!4m2!3m1!1s0x80c2a57ae49af855:0x4acc87e85bca612b,
KazuNori: The Original Hand Roll Bar,,https://www.google.com/maps/place/KazuNori:+The+Original+Hand+Roll+Bar/data=!4m2!3m1!1s0x80c2a4d0505f5b37:0xa79dbf9dd6638869,
Blue Plate Taco,,https://www.google.com/maps/place/Blue+Plate+Taco/data=!4m2!3m1!1s0x80c2a4d057fddb65:0x6fd8cf0c6f4421b4,
The Wee Chippy,,https://www.google.com/maps/place/The+Wee+Chippy/data=!4m2!3m1!1s0x80c2bab7f4dfe397:0x38061ae6aad832ef,
Venice Teriyaki,,https://www.google.com/maps/place/Venice+Teriyaki/data=!4m2!3m1!1s0x80c2bab7f582e18d:0x41358749d86acb53,
The Sidewalk Cafe,,https://www.google.com/maps/place/The+Sidewalk+Cafe/data=!4m2!3m1!1s0x80c2bab82660a57b:0xee10db003b94eec1,
Eataly,,https://www.google.com/maps/place/Eataly/data=!4m2!3m1!1s0x80c2bb8b7ad0a7b7:0x216c071c6cdb7021,
Banadir Somali Restaurant,,https://www.google.com/maps/place/Banadir+Somali+Restaurant/data=!4m2!3m1!1s0x80c2b6fca1bd4e93:0x7b661b36e50ae89e,
All Day Baby,,https://www.google.com/maps/place/All+Day+Baby/data=!4m2!3m1!1s0x80c2c73f4c3e2737:0x177630ebc52bd06d,
The Prince,,https://www.google.com/maps/place/The+Prince/data=!4m2!3m1!1s0x80c2c77e981fef5f:0x2fd77914a853daca,
Fei Xiang Gong,,https://www.google.com/maps/place/Fei+Xiang+Gong/data=!4m2!3m1!1s0x80c2b9bb9eeb8ae5:0x818921eeeae69c2f,
Mel's Drive-in,,https://www.google.com/maps/place/Mel's+Drive-in/data=!4m2!3m1!1s0x80c2a53f0bbafaa3:0xdf00ca60dbff0aee,
Local Kitchen & Wine Bar,,https://www.google.com/maps/place/Local+Kitchen+%26+Wine+Bar/data=!4m2!3m1!1s0x80c2bb207c719491:0xfa989f62c5546bce,
Antequera Bakery,,https://www.google.com/maps/place/Antequera+Bakery/data=!4m2!3m1!1s0x80c2bb209b36146f:0xca037d7e625fdfc2,
Kusaki,,https://www.google.com/maps/place/Kusaki/data=!4m2!3m1!1s0x80c2bb2a574a024f:0xcb37214835abd0ce,
Teleferic Barcelona Los Angeles,,https://www.google.com/maps/place/Teleferic+Barcelona+Los+Angeles/data=!4m2!3m1!1s0x80c2bdcb56a010df:0x190542014e61324d,
Phnom Penh Noodle Shack,,https://www.google.com/maps/place/Phnom+Penh+Noodle+Shack/data=!4m2!3m1!1s0x80dd3170f4cbbadb:0xbe120b40053c2a59,
Antico Nuovo,,https://www.google.com/maps/place/Antico+Nuovo/data=!4m2!3m1!1s0x80c2b9403e6a4807:0x268983050babaf42,
Hollywood Shawarma,,https://www.google.com/maps/place/Hollywood+Shawarma/data=!4m2!3m1!1s0x80c2bf65ea9d271d:0xb01e9f6f856d2ecc,
Jiang Nan Spring,,https://www.google.com/maps/place/Jiang+Nan+Spring/data=!4m2!3m1!1s0x80c2c50c50be5877:0x3e6631f591f237e8,
Majordomo,,https://www.google.com/maps/place/Majordomo/data=!4m2!3m1!1s0x80c2c6611b681927:0x29fe8bed454c7cae,
Damian,,https://www.google.com/maps/place/Damian/data=!4m2!3m1!1s0x80c2c70edfd6917f:0xf0e60340960841d0,
Bestia,,https://www.google.com/maps/place/Bestia/data=!4m2!3m1!1s0x80c2c621d7d91b49:0x5e3e80cfbddfba70,
Fogo de Chão Brazilian Steakhouse,,https://www.google.com/maps/place/Fogo+de+Ch%C3%A3o+Brazilian+Steakhouse/data=!4m2!3m1!1s0x80c2b94ec3635455:0xc2adb994f61e58df,
KOCHI,,https://www.google.com/maps/place/KOCHI/data=!4m2!3m1!1s0x80c2beb39d4521b1:0xe748316e428ea52b,
TONCHIN LA,,https://www.google.com/maps/place/TONCHIN+LA/data=!4m2!3m1!1s0x80c2b929ba2c98b1:0x9b4378d781214de5,
TOKKI,,https://www.google.com/maps/place/TOKKI/data=!4m2!3m1!1s0x80c2c716846c36d5:0xd4953ed112b65a25,
Rosalind's,,https://www.google.com/maps/place/Rosalind's/data=!4m2!3m1!1s0x80c2b915dd094c37:0xbddf869c543b05ff,
Cognoscenti Coffee,,https://www.google.com/maps/place/Cognoscenti+Coffee/data=!4m2!3m1!1s0x80c2b99c5a251287:0xbb3256bf2035ac7b,
Playa Provisions,,https://www.google.com/maps/place/Playa+Provisions/data=!4m2!3m1!1s0x80c2b06649b1a9df:0x37a7dc442bcf8c14,
Destroyer,,https://www.google.com/maps/place/Destroyer/data=!4m2!3m1!1s0x80c2b99ab5148abf:0xe63ca4fce42691c7,
Bon Shabu,,https://www.google.com/maps/place/Bon+Shabu/data=!4m2!3m1!1s0x80c2b882d40cf52b:0x49d7bfef9a59bb12,
Anko,,https://www.google.com/maps/place/Anko/data=!4m2!3m1!1s0x80c2b89a29b05b89:0x29323c6c831b690,
Hodori,,https://www.google.com/maps/place/Hodori/data=!4m2!3m1!1s0x80c2c783bfcdaad9:0x19f4434b96602aaa,
Bone Kettle,,https://www.google.com/maps/place/Bone+Kettle/data=!4m2!3m1!1s0x80c2c3719246e939:0x55954ecc808aeb8a,
Ministry of Coffee,,https://www.google.com/maps/place/Ministry+of+Coffee/data=!4m2!3m1!1s0x80c2bc810d41cad7:0xa3833829061ce3d4,
"Röckenwagner Bakery, Café + Market",,"https://www.google.com/maps/place/R%C3%B6ckenwagner+Bakery,+Caf%C3%A9+%2B+Market/data=!4m2!3m1!1s0x80c2ba61bad61bb7:0xc2e376e025587498",
Dolan’s Uyghur Cuisine,,https://www.google.com/maps/place/Dolan%E2%80%99s+Uyghur+Cuisine/data=!4m2!3m1!1s0x80c2c545b72b2851:0x94763ca31c5e9487,
Versailles Cuban Restaurant,,https://www.google.com/maps/place/Versailles+Cuban+Restaurant/data=!4m2!3m1!1s0x80c2ba2e39f7f259:0x18d1c582d1b17530,
Pop’s Bagels,,https://www.google.com/maps/place/Pop%E2%80%99s+Bagels/data=!4m2!3m1!1s0x80c2bd41c7bdf5b9:0x6ebe814679209682,
Prima Cocina,,https://www.google.com/maps/place/Prima+Cocina/data=!4m2!3m1!1s0x80c2a5c0866f7a73:0x9b50c03d93eb9133,
Abbot's Pizza Company,,https://www.google.com/maps/place/Abbot's+Pizza+Company/data=!4m2!3m1!1s0x80c2babf9f83aa71:0x27298ee26a9e7d36,
Mashti Malone's Ice Cream,,https://www.google.com/maps/place/Mashti+Malone's+Ice+Cream/data=!4m2!3m1!1s0x80c2bb233de57e79:0x3ae24dd9cb8510c0,
Gnarwhal Coffee Co.,,https://www.google.com/maps/place/Gnarwhal+Coffee+Co./data=!4m2!3m1!1s0x80c2bb0633d7bf73:0x777b0c89058ce30,
Hammer Museum,,https://www.google.com/maps/place/Hammer+Museum/data=!4m2!3m1!1s0x80c2bc81df6323f5:0xa95f949dab44e71c,
Merkato,,https://www.google.com/maps/place/Merkato/data=!4m2!3m1!1s0x80c2b915de1240b1:0xf5b3240e1c52f47d,
Ronan,,https://www.google.com/maps/place/Ronan/data=!4m2!3m1!1s0x80c2bfc905298cbb:0xa5c9fab0cd578a55,
Hatchet Hall,,https://www.google.com/maps/place/Hatchet+Hall/data=!4m2!3m1!1s0x80c2ba665f94b3f5:0xd54548da8b67ec31,
Winston Pies,,https://www.google.com/maps/place/Winston+Pies/data=!4m2!3m1!1s0x80c2bca0755995dd:0x1934ff53f942e928,
Pasta Sisters,,https://www.google.com/maps/place/Pasta+Sisters/data=!4m2!3m1!1s0x80c2b900a1f4dd25:0x7841abf3c9d736a8,
Margot,,https://www.google.com/maps/place/Margot/data=!4m2!3m1!1s0x80c2b992b61a5079:0x370accb3ae8929ad,
Lodge Bread Company,,https://www.google.com/maps/place/Lodge+Bread+Company/data=!4m2!3m1!1s0x80c2ba6c715b1311:0x5309098589dc3c7c,
The Terrace,,https://www.google.com/maps/place/The+Terrace/data=!4m2!3m1!1s0x80c2bb9bac4924b7:0xc5eeefba8fcf3b37,
IMA,,https://www.google.com/maps/place/IMA/data=!4m2!3m1!1s0x80c2bdc72b4cb407:0x2252f12040ee488f,
Rock N Pies,,https://www.google.com/maps/place/Rock+N+Pies/data=!4m2!3m1!1s0x80c2a4ca39158119:0x6505b5d50da678c2,
Still Life Studio,,https://www.google.com/maps/place/Still+Life+Studio/data=!4m2!3m1!1s0x80c2bbf9a86d5151:0xb2c3ffd8f522d6ba,
Piccalilli,,https://www.google.com/maps/place/Piccalilli/data=!4m2!3m1!1s0x80c2bb45f0f97b39:0x1811b37094729d08,
Sound Nightclub,,https://www.google.com/maps/place/Sound+Nightclub/data=!4m2!3m1!1s0x80c2bf249fb73b6d:0xcb41caf2c956ca56,
Ugo Cafe,,https://www.google.com/maps/place/Ugo+Cafe/data=!4m2!3m1!1s0x80c2ba299801defb:0xccae020f3510ba28,
Tuk Tuk Thai,,https://www.google.com/maps/place/Tuk+Tuk+Thai/data=!4m2!3m1!1s0x80c2b95db6e7d791:0x472e812a9698c8df,
Breakaway Cafe,,https://www.google.com/maps/place/Breakaway+Cafe/data=!4m2!3m1!1s0x80c2b9e704860183:0x9ac4723c22c07eec,
Artelice Pâtisserie,,https://www.google.com/maps/place/Artelice+P%C3%A2tisserie/data=!4m2!3m1!1s0x80c2bb0ad19fbcd9:0x253eb89954744f54,
The Little Friend,,https://www.google.com/maps/place/The+Little+Friend/data=!4m2!3m1!1s0x80c2bb90c3bef88b:0x30bc677ac158d37,
Only The Wild Ones,,https://www.google.com/maps/place/Only+The+Wild+Ones/data=!4m2!3m1!1s0x80c2bb8681859263:0x9990d304f114b1d1,
Roosterfish,,https://www.google.com/maps/place/Roosterfish/data=!4m2!3m1!1s0x80c2babf5a3be065:0x6bebbe07540900b8,
Tacos Tu Madre,,https://www.google.com/maps/place/Tacos+Tu+Madre/data=!4m2!3m1!1s0x80c2bb9c69a8d893:0x7ba8cea58a74bd57,
pasjoli,,https://www.google.com/maps/place/pasjoli/data=!4m2!3m1!1s0x80c2bb6fe0cf38a5:0x6f1b58d0d7d3d70d,
Death & Co.,,https://www.google.com/maps/place/Death+%26+Co./data=!4m2!3m1!1s0x80c2c7cabae53ab1:0x3a160d8b73fc5216,
Kang Ho Dong Baekjeong,,https://www.google.com/maps/place/Kang+Ho+Dong+Baekjeong/data=!4m2!3m1!1s0x80c2c77d3cd03da3:0x2ca2b2db0c50e401,
Kobawoo House,,https://www.google.com/maps/place/Kobawoo+House/data=!4m2!3m1!1s0x80c2c7796df6ffd3:0xc6c9b606f7866317,
Meet in Paris French Bistro,,https://www.google.com/maps/place/Meet+in+Paris+French+Bistro/data=!4m2!3m1!1s0x80c2ba28feabe863:0x385595f2d5faf7b8,
Eduardo's Border Grill,,https://www.google.com/maps/place/Eduardo's+Border+Grill/data=!4m2!3m1!1s0x80c2bb9cef7b4c27:0x36ede14276e8d45,
Emili's Pastry & Cafe,,https://www.google.com/maps/place/Emili's+Pastry+%26+Cafe/data=!4m2!3m1!1s0x80c2bb6f90b5878d:0x794a727a3650348a,
Paderia Bakehouse,,https://www.google.com/maps/place/Paderia+Bakehouse/data=!4m2!3m1!1s0x80c2bbc354788743:0xdb7088f2d792724c,
Taiko Restaurant,,https://www.google.com/maps/place/Taiko+Restaurant/data=!4m2!3m1!1s0x80c2bca07a64d083:0xe8f3d213ebe2f235,
SUGARFISH by sushi nozawa,,https://www.google.com/maps/place/SUGARFISH+by+sushi+nozawa/data=!4m2!3m1!1s0x80c2bb5ffdbb5841:0xaaf5e082cb270899,
Sonoritas Prime Tacos,,https://www.google.com/maps/place/Sonoritas+Prime+Tacos/data=!4m2!3m1!1s0x80c2bb74f828de93:0xadb3b9c2d244078,
Juquila Restaurant,,https://www.google.com/maps/place/Juquila+Restaurant/data=!4m2!3m1!1s0x80c2bb6f0cbab9e7:0xd179a2285b5544d6,
Sea Salt Poke,,https://www.google.com/maps/place/Sea+Salt+Poke/data=!4m2!3m1!1s0x80c2bb0ad19fbcd9:0x8eccc5270638100f,
Manpuku Tokyo BBQ Dining,,https://www.google.com/maps/place/Manpuku+Tokyo+BBQ+Dining/data=!4m2!3m1!1s0x80c2bb0acd517b41:0x97bbad8c465e74c4,
Here's Looking At You,,https://www.google.com/maps/place/Here's+Looking+At+You/data=!4m2!3m1!1s0x80c2b89b1e7096af:0xd27378c18f4139a2,
Loqui,,https://www.google.com/maps/place/Loqui/data=!4m2!3m1!1s0x80c2b986b33f2a61:0x56bbdb06e392028e,
Shamshiri Grill,,https://www.google.com/maps/place/Shamshiri+Grill/data=!4m2!3m1!1s0x80c2bb82947073ab:0xd26747568dbf5851,
Meet Fresh,,https://www.google.com/maps/place/Meet+Fresh/data=!4m2!3m1!1s0x80c2bd7872da76ad:0xf78bfe233e4fc668,
FOOD,,https://www.google.com/maps/place/FOOD/data=!4m2!3m1!1s0x80c2bbbe1df06909:0x1ee314ff6ea0c71a,
Lamonica's NY Pizza,,https://www.google.com/maps/place/Lamonica's+NY+Pizza/data=!4m2!3m1!1s0x80c2bc83c964192d:0xecf59f363c872571,
The Varnish,,https://www.google.com/maps/place/The+Varnish/data=!4m2!3m1!1s0x80c2c6359f6c9d81:0x8888d7665fb1480d,
Jon & Vinny's Brentwood,,https://www.google.com/maps/place/Jon+%26+Vinny's+Brentwood/data=!4m2!3m1!1s0x80c2bd451e5e2a99:0x4ca9c8c37a3d4c64,
Pizzana Brentwood,,https://www.google.com/maps/place/Pizzana+Brentwood/data=!4m2!3m1!1s0x80c2bb5f7fe19b55:0x3caab6bfb8b2ac72,
Federal Coffee,,https://www.google.com/maps/place/Federal+Coffee/data=!4m2!3m1!1s0x80c2bbc203154105:0x46f87a3fe2368e68,
Tokyo Kalbi,,https://www.google.com/maps/place/Tokyo+Kalbi/data=!4m2!3m1!1s0x80c2bb08894f6011:0x8f21fb46067206c0,
bb.q Chicken Sawtelle,,https://www.google.com/maps/place/bb.q+Chicken+Sawtelle/data=!4m2!3m1!1s0x80c2bbbeff68bab7:0xa731094d601d935f,
Big Boi,,https://www.google.com/maps/place/Big+Boi/data=!4m2!3m1!1s0x80c2bb74e5bc00d1:0x2ced9582fa08f1bc,
Sushi Kiriko,,https://www.google.com/maps/place/Sushi+Kiriko/data=!4m2!3m1!1s0x80c2bb0ac7a8d761:0xcec9309b9f78f309,
Hui Lau Shan - Mango Mango,,https://www.google.com/maps/place/Hui+Lau+Shan+-+Mango+Mango/data=!4m2!3m1!1s0x80c2bb412e413d45:0xcc90c3768276d3f2,
Stevie's Creole Café,,https://www.google.com/maps/place/Stevie's+Creole+Caf%C3%A9/data=!4m2!3m1!1s0x80c2b9101d4f4d49:0x9a45b9178371d616,
Factor's Famous Deli,,https://www.google.com/maps/place/Factor's+Famous+Deli/data=!4m2!3m1!1s0x80c2bbe193af64df:0x181ab546f0a804c8,
Ghisallo,,https://www.google.com/maps/place/Ghisallo/data=!4m2!3m1!1s0x80c2bbb9a7af0ff1:0xd2a33223044f42cb,
MIAN West Adams,,https://www.google.com/maps/place/MIAN+West+Adams/data=!4m2!3m1!1s0x80c2b9824243f4c7:0x484639d92ae574c1,
Orsa & Winston,,https://www.google.com/maps/place/Orsa+%26+Winston/data=!4m2!3m1!1s0x80c2c64a36bed587:0x1876e4b5418a7d9a,
Hermanito,,https://www.google.com/maps/place/Hermanito/data=!4m2!3m1!1s0x80c2bb253c70b5e9:0x9fdcdd2afbcfdfbd,
Superba Food + Bread Venice,,https://www.google.com/maps/place/Superba+Food+%2B+Bread+Venice/data=!4m2!3m1!1s0x80c2bb2b997a34d3:0x74024ac3b38b67e0,
Mendocino Farms,,https://www.google.com/maps/place/Mendocino+Farms/data=!4m2!3m1!1s0x80c2bca7416aaaab:0x515066deb78c23c0,
Flame Persian Cuisine,,https://www.google.com/maps/place/Flame+Persian+Cuisine/data=!4m2!3m1!1s0x80c2bb7f4afcc263:0x33b46aeffac173d6,
Totoraku,,https://www.google.com/maps/place/Totoraku/data=!4m2!3m1!1s0x80c2bbbdfd3b010d:0x86cc2b1d27af87fc,
Forma Restaurant & Cheese Bar,,https://www.google.com/maps/place/Forma+Restaurant+%26+Cheese+Bar/data=!4m2!3m1!1s0x80c2bbca03e45ddd:0x72dda0f44a8c25c1,
Mariscos Guillen La Playita,,https://www.google.com/maps/place/Mariscos+Guillen+La+Playita/data=!4m2!3m1!1s0x80c2badb15010001:0x1532d54f74c6479d,
E.P. & L.P.,,https://www.google.com/maps/place/E.P.+%26+L.P./data=!4m2!3m1!1s0x80c2beb140d324bf:0x9c77e638f8530ea,
Harajuku Taproom,,https://www.google.com/maps/place/Harajuku+Taproom/data=!4m2!3m1!1s0x80c2ba171b22ad15:0xb8ba5d92bc4efcac,
Sinners & Saints Desserts,,https://www.google.com/maps/place/Sinners+%26+Saints+Desserts/data=!4m2!3m1!1s0x80c2ba8dd3a474ff:0x1d413fa2800bfe04,
Blossom Vietnamese,,https://www.google.com/maps/place/Blossom+Vietnamese/data=!4m2!3m1!1s0x80c2bb1c6e0b2965:0xd87d93fb27e66a36,
Swanya Thai Cuisine,,https://www.google.com/maps/place/Swanya+Thai+Cuisine/data=!4m2!3m1!1s0x80c2ba165d2cff89:0x6f0ae047ea7eea93,
Society Kitchen,,https://www.google.com/maps/place/Society+Kitchen/data=!4m2!3m1!1s0x80c2bb1c7ed618c7:0xa34990163aba4ea6,
Mochi Dochi,,https://www.google.com/maps/place/Mochi+Dochi/data=!4m2!3m1!1s0x80c2bb985809a435:0x7811ef4c2ebe72f9,
Black Sheep Burgers,,https://www.google.com/maps/place/Black+Sheep+Burgers/data=!4m2!3m1!1s0x80c2bb3f784fd497:0xdc049b13bcb9febe,
Karaoke Bleu,,https://www.google.com/maps/place/Karaoke+Bleu/data=!4m2!3m1!1s0x80c2bb7520bd8001:0xf147c8ba6ecd5ba2,
Shin-Sen-Gumi Hakata Ramen West L.A.,,https://www.google.com/maps/place/Shin-Sen-Gumi+Hakata+Ramen+West+L.A./data=!4m2!3m1!1s0x80c2bb707a72770f:0x7050bd4d3a9b0c66,
The Nickel Mine,,https://www.google.com/maps/place/The+Nickel+Mine/data=!4m2!3m1!1s0x80c2bb7011b56bc3:0xc49c0371fc5cd262,
The Brixton,,https://www.google.com/maps/place/The+Brixton/data=!4m2!3m1!1s0x80c2bb17776a3f7b:0x550257d926e1fc99,
Spring Street Smokehouse BBQ,,https://www.google.com/maps/place/Spring+Street+Smokehouse+BBQ/data=!4m2!3m1!1s0x80c2c6452f46c651:0xa0184882f4797932,
Grand Central Market,,https://www.google.com/maps/place/Grand+Central+Market/data=!4m2!3m1!1s0x80c2c64b8e4372e7:0x489d4efdeb06d3d8,
Bradbury Building,,https://www.google.com/maps/place/Bradbury+Building/data=!4m2!3m1!1s0x80c2c64bf2828b05:0x955a9f0a8f53103b,
Lunetta All Day,,https://www.google.com/maps/place/Lunetta+All+Day/data=!4m2!3m1!1s0x80c2bb22a5a27abb:0x51fa039e5ecb8df5,
India's Tandoori,,https://www.google.com/maps/place/India's+Tandoori/data=!4m2!3m1!1s0x80c2bb5df7f0ba47:0xcc1174044b54f91d,
Rex Bakery,,https://www.google.com/maps/place/Rex+Bakery/data=!4m2!3m1!1s0x80c2bb70fa4dd3c3:0x42489f08da0f86ce,
PHO MdR | Noodle Culture,,https://www.google.com/maps/place/PHO+MdR+%7C+Noodle+Culture/data=!4m2!3m1!1s0x80c2bb08da3fbeaf:0x7a5465199b93ec59,
Nueva,,https://www.google.com/maps/place/Nueva/data=!4m2!3m1!1s0x80c2bb7f7641e95b:0x63300fc2a39a3013,
South End,,https://www.google.com/maps/place/South+End/data=!4m2!3m1!1s0x80c2ba91b981b5f3:0x6b069a3e67f78bc2,
Mercado,,https://www.google.com/maps/place/Mercado/data=!4m2!3m1!1s0x80c2a4ce25e2a975:0x1793fcdd03d056c3,
Demitasse,,https://www.google.com/maps/place/Demitasse/data=!4m2!3m1!1s0x80c2a55e6f65a17b:0x4d1b8f75c7399543,
The Highlight Room,,https://www.google.com/maps/place/The+Highlight+Room/data=!4m2!3m1!1s0x80c2bf3bb54393e5:0x1f20f823a85fe5ac,
1720,,https://www.google.com/maps/place/1720/data=!4m2!3m1!1s0x80c2c621a6422ae5:0x2e47faeab93f201f,
Massilia,,https://www.google.com/maps/place/Massilia/data=!4m2!3m1!1s0x80c2a57e096bc463:0xb4b50946748578ee,
A Cut Above Butcher Shop,,https://www.google.com/maps/place/A+Cut+Above+Butcher+Shop/data=!4m2!3m1!1s0x80c2bb4864c44715:0x22b83611f4397971,
ADUKE NIGERIAN CUISINE,,https://www.google.com/maps/place/ADUKE+NIGERIAN+CUISINE/data=!4m2!3m1!1s0x80c2b91fd7bc1b03:0x5413ec2c1be7d839,
Alana's Coffee Roasters,,https://www.google.com/maps/place/Alana's+Coffee+Roasters/data=!4m2!3m1!1s0x80c2ba5e95d221a1:0x6a4a8860480dcac0,
Ten,,https://www.google.com/maps/place/Ten/data=!4m2!3m1!1s0x80c2bbf662b30125:0xbcc99342ecdd1145,
The Daily Pint,,https://www.google.com/maps/place/The+Daily+Pint/data=!4m2!3m1!1s0x80c2bb2318bfc6fd:0xb93135e2f2e7ad8f,
Lanea,,https://www.google.com/maps/place/Lanea/data=!4m2!3m1!1s0x80c2a4d035236787:0xda42f3d7625a8e97,
LOCANDA POSITANO,,https://www.google.com/maps/place/LOCANDA+POSITANO/data=!4m2!3m1!1s0x80c2ba8f2133e1f5:0x848f97d940db381d,
Sul & Beans,,https://www.google.com/maps/place/Sul+%26+Beans/data=!4m2!3m1!1s0x80c2b89ac6d6546b:0xad49dc18a02e28a8,
Beijing Tasty House,,https://www.google.com/maps/place/Beijing+Tasty+House/data=!4m2!3m1!1s0x80c2dab9991b6b19:0x3269169b113c1583,
77 Kentucky,,https://www.google.com/maps/place/77+Kentucky/data=!4m2!3m1!1s0x0:0xc0b511f376961b1a,
SOMISOMI,,https://www.google.com/maps/place/SOMISOMI/data=!4m2!3m1!1s0x80c2bbe8c58c895f:0xdd41046f2c096548,
Nong La Cafe,,https://www.google.com/maps/place/Nong+La+Cafe/data=!4m2!3m1!1s0x80c2bb74ded550d7:0x996f05e5deaafc32,
Menya Tigre,,https://www.google.com/maps/place/Menya+Tigre/data=!4m2!3m1!1s0x80c2bb619667b0db:0xa36214921f52d07e,
Meat On Ocean,,https://www.google.com/maps/place/Meat+On+Ocean/data=!4m2!3m1!1s0x80c2a4d05bb261c7:0xe96150e2660d96cb,
The Bungalow Santa Monica,,https://www.google.com/maps/place/The+Bungalow+Santa+Monica/data=!4m2!3m1!1s0x80c2a4c43626101d:0xcc850f54593cc15a,
Feng Mao BBQ Lamb Kebab Olympic 丰茂烧烤,,https://www.google.com/maps/place/Feng+Mao+BBQ+Lamb+Kebab+Olympic+%E4%B8%B0%E8%8C%82%E7%83%A7%E7%83%A4/data=!4m2!3m1!1s0x80c2b88b83095767:0x29f24bec908bdbe1,
Tempura House,,https://www.google.com/maps/place/Tempura+House/data=!4m2!3m1!1s0x80c2bb7153a55e83:0xc161ff7d969e1267,
Mom's Bar,,https://www.google.com/maps/place/Mom's+Bar/data=!4m2!3m1!1s0x80c2bb424729c24b:0x9098fc6ff4b88c33,
Golden Bull Restaurant,,https://www.google.com/maps/place/Golden+Bull+Restaurant/data=!4m2!3m1!1s0x80c2a4b634213aaf:0x4f73e360367dd2c8,
Blackbird Pizza Shop,,https://www.google.com/maps/place/Blackbird+Pizza+Shop/data=!4m2!3m1!1s0x80c2bed37b0297b3:0x2247286b1c0fffd9,
Soban,,https://www.google.com/maps/place/Soban/data=!4m2!3m1!1s0x80c2b88c9bbe2b45:0x8f371e46e6ac9ab7,
Midoh - Sawtelle,,https://www.google.com/maps/place/Midoh+-+Sawtelle/data=!4m2!3m1!1s0x80c2bb35cfd4fb9d:0xac627da6aaabadc3,
Rodeo Dr,,https://www.google.com/maps/place/Rodeo+Dr/data=!4m2!3m1!1s0x80c2bbe4659bc7ed:0xf08801746af568dc,
Lawry's The Prime Rib,,https://www.google.com/maps/place/Lawry's+The+Prime+Rib/data=!4m2!3m1!1s0x80c2b94f25c7eb0f:0x83add879c8fe0c99,
Yakitoriya,,https://www.google.com/maps/place/Yakitoriya/data=!4m2!3m1!1s0x80c2bb0ac7a8d761:0x1d541cffb6d38c88,
Hide Sushi,,https://www.google.com/maps/place/Hide+Sushi/data=!4m2!3m1!1s0x80c2bb74e05f5793:0x17e4f913efc4fa08,
Millet Crepe,,https://www.google.com/maps/place/Millet+Crepe/data=!4m2!3m1!1s0x80c2a4d194737619:0x74622b175252f2ce,
The Bigg Chill,,https://www.google.com/maps/place/The+Bigg+Chill/data=!4m2!3m1!1s0x80c2bb98fea2a98f:0x8c6d7ee6dda9851a,
Sichuan Impression,,https://www.google.com/maps/place/Sichuan+Impression/data=!4m2!3m1!1s0x80c2bb49c440d66b:0x61efefc8f9744129,
Angelo's Barbershops,,https://www.google.com/maps/place/Angelo's+Barbershops/data=!4m2!3m1!1s0x80c2bb465f4d5ecf:0x24c57bd57885ab4d,
Rancho Park Golf Club,,https://www.google.com/maps/place/Rancho+Park+Golf+Club/data=!4m2!3m1!1s0x80c2bbeac4c012ef:0x1f13f07eb6cbfc6b,
Rasselbock Kitchen & Beer Garden Los Angeles,,https://www.google.com/maps/place/Rasselbock+Kitchen+%26+Beer+Garden+Los+Angeles/data=!4m2!3m1!1s0x80c2bb86e4cd8435:0x6547237f4bbbb230,
Vito Restaurant,,https://www.google.com/maps/place/Vito+Restaurant/data=!4m2!3m1!1s0x80c2bb1c6b64b90b:0x1929f58436659eed,
Tandoor-India,,https://www.google.com/maps/place/Tandoor-India/data=!4m2!3m1!1s0x80c2bb181fca80ad:0x840085436651ae43,
Aroma Cafe,,https://www.google.com/maps/place/Aroma+Cafe/data=!4m2!3m1!1s0x80c2bbbc3e80e29f:0x38f323927e475dfd,
Blueys Market and Cafe,,https://www.google.com/maps/place/Blueys+Market+and+Cafe/data=!4m2!3m1!1s0x80c2bb157da5cfa9:0xe397d07a3283ec24,
Good People Coffee Co,,https://www.google.com/maps/place/Good+People+Coffee+Co/data=!4m2!3m1!1s0x80c2bb6f0b2b4df5:0x7f174351d71cfa9,
Pink Orchid Bakery,,https://www.google.com/maps/place/Pink+Orchid+Bakery/data=!4m2!3m1!1s0x80c2bb9c699f25e3:0xab781b6ed7f3dd0b,
Taste of Tehran Restaurant,,https://www.google.com/maps/place/Taste+of+Tehran+Restaurant/data=!4m2!3m1!1s0x80c2bb9c67435a39:0xf057f61854e68f5d,
Attari Sandwich Shop,,https://www.google.com/maps/place/Attari+Sandwich+Shop/data=!4m2!3m1!1s0x80c2bb7f17de0ecd:0xbbade53653f183cb,
Bardonna,,https://www.google.com/maps/place/Bardonna/data=!4m2!3m1!1s0x80c2a4b19965ba4b:0x899b0b9f87b35c45,
Lock & Key,,https://www.google.com/maps/place/Lock+%26+Key/data=!4m2!3m1!1s0x80c2c7645cb6669d:0x95137cca51ec3f34,
Milo SRO Pizza,,https://www.google.com/maps/place/Milo+SRO+Pizza/data=!4m2!3m1!1s0x80c2bb1eb56097bd:0x5a0a0d3b05c12c13,
Toscana Restaurant in Brentwood,,https://www.google.com/maps/place/Toscana+Restaurant+in+Brentwood/data=!4m2!3m1!1s0x80c2bca003cb8239:0xad7ee85da11640fe,
Takuma,,https://www.google.com/maps/place/Takuma/data=!4m2!3m1!1s0x80c2bb4f1a24f723:0xd8b29f3de31881c3,
Baby Blues BBQ,,https://www.google.com/maps/place/Baby+Blues+BBQ/data=!4m2!3m1!1s0x80c2c77606b32d59:0x43875d720228d3ad,
Muddy Paw Coffee Silverlake,,https://www.google.com/maps/place/Muddy+Paw+Coffee+Silverlake/data=!4m2!3m1!1s0x80c2c7389f61aabf:0xc60b5317da93be7f,
Robert's Russian Cuisine,,https://www.google.com/maps/place/Robert's+Russian+Cuisine/data=!4m2!3m1!1s0x80c2bf20bed682ff:0x2db73bc09a5df632,
Saddle Ranch Chop House,,https://www.google.com/maps/place/Saddle+Ranch+Chop+House/data=!4m2!3m1!1s0x80c2bebfb248fb89:0xe4bf6238e9da87c3,
Big Tomy's,,https://www.google.com/maps/place/Big+Tomy's/data=!4m2!3m1!1s0x80c2bb6893f0b159:0xbaeaa578bebd345e,
YUP DDUK LA,,https://www.google.com/maps/place/YUP+DDUK+LA/data=!4m2!3m1!1s0x80c2b89d4b26324b:0xdafd40e28bebf1c8,
Dan Sung Sa,,https://www.google.com/maps/place/Dan+Sung+Sa/data=!4m2!3m1!1s0x80c2c77c91ab6b01:0x72786640a7da4b2,
Manchego,,https://www.google.com/maps/place/Manchego/data=!4m2!3m1!1s0x80c2bad499159b07:0xc502d8fbc4afaee0,
Honey Pig,,https://www.google.com/maps/place/Honey+Pig/data=!4m2!3m1!1s0x80c2b88165a4f30f:0x5d9512c3a8cea197,
Plan Check Kitchen + Bar,,https://www.google.com/maps/place/Plan+Check+Kitchen+%2B+Bar/data=!4m2!3m1!1s0x80c2bb714e9f9b13:0xc5ebd252c8acdfaa,
Churros Calientes,,https://www.google.com/maps/place/Churros+Calientes/data=!4m2!3m1!1s0x80c2bb6f92c3175d:0x735a857a04b3ab45,
B.A.D. Sushi,,https://www.google.com/maps/place/B.A.D.+Sushi/data=!4m2!3m1!1s0x80c2bb6f733fa5ff:0x85742dc4825b4b87,
En Sushi,,https://www.google.com/maps/place/En+Sushi/data=!4m2!3m1!1s0x80c2bb6f0c6dbe95:0x2f4640ebfa10ea22,
No Vacancy,,https://www.google.com/maps/place/No+Vacancy/data=!4m2!3m1!1s0x80c2bf3c830e4d95:0x8b55afbb86219d53,
Scopa Italian Roots,,https://www.google.com/maps/place/Scopa+Italian+Roots/data=!4m2!3m1!1s0x80c2ba91d785682f:0x79abdc4a5fda481,
Haidilao Hotpot,,https://www.google.com/maps/place/Haidilao+Hotpot/data=!4m2!3m1!1s0x80c2bbed055f6af3:0x5e45876685408255,
Saffron & Rose Ice Cream,,https://www.google.com/maps/place/Saffron+%26+Rose+Ice+Cream/data=!4m2!3m1!1s0x80c2bb7f17ffa3ff:0xf291764513875402,
Little Fatty,,https://www.google.com/maps/place/Little+Fatty/data=!4m2!3m1!1s0x80c2ba5c61b3ef43:0x66f478d668080e86,
Dave's Hot Chicken,,https://www.google.com/maps/place/Dave's+Hot+Chicken/data=!4m2!3m1!1s0x80c2b8addaa2351d:0x2b2812f9b301a311,
Bud Namu,,https://www.google.com/maps/place/Bud+Namu/data=!4m2!3m1!1s0x80c2b8819e498cc7:0x5c0e80c2a5b51e0c,
Ten-Raku,,https://www.google.com/maps/place/Ten-Raku/data=!4m2!3m1!1s0x80c2b89eb14a66d5:0x3db21cdeaab1ea82,
Wirin Thai Restaurant,,https://www.google.com/maps/place/Wirin+Thai+Restaurant/data=!4m2!3m1!1s0x80c2ba92c8d9b001:0x3edcc691dfa5944e,
KIFF KAFE,,https://www.google.com/maps/place/KIFF+KAFE/data=!4m2!3m1!1s0x80c2bb11d28bbc1d:0xe9368b500bad3855,
Zankou Chicken,,https://www.google.com/maps/place/Zankou+Chicken/data=!4m2!3m1!1s0x80c2bb7710bc5323:0x9bca62e247448b50,
Mama Hong's Vietnamese Kitchen,,https://www.google.com/maps/place/Mama+Hong's+Vietnamese+Kitchen/data=!4m2!3m1!1s0x80c2bb5df789bda1:0x23ebcca5ef60ffe2,
Northern Cafe Brentwood,,https://www.google.com/maps/place/Northern+Cafe+Brentwood/data=!4m2!3m1!1s0x80c2bbaa55550e3d:0x1c6c6c50b977e33c,
Coffee Tomo,,https://www.google.com/maps/place/Coffee+Tomo/data=!4m2!3m1!1s0x80c2bb74d91769f9:0x1ec2936e1f755990,
Citrin,,https://www.google.com/maps/place/Citrin/data=!4m2!3m1!1s0x80c2a4c4528cf3ed:0x5423b7fd136ee520,
The Apple Pan,,https://www.google.com/maps/place/The+Apple+Pan/data=!4m2!3m1!1s0x80c2bbbd330062c9:0xc51afbd304151d0a,
Izakaya Sasaya 居酒屋 楽楽家,,https://www.google.com/maps/place/Izakaya+Sasaya+%E5%B1%85%E9%85%92%E5%B1%8B+%E6%A5%BD%E6%A5%BD%E5%AE%B6/data=!4m2!3m1!1s0x80c2bb6f0af70fdd:0x1257418005eea264,
Nanbankan,,https://www.google.com/maps/place/Nanbankan/data=!4m2!3m1!1s0x80c2bb705d4e4a6b:0xd5d3ef1119f6f48b,
Flaming Pot,,https://www.google.com/maps/place/Flaming+Pot/data=!4m2!3m1!1s0x80c2bb0a90adce8f:0x2da0ae5d07ad22b8,
Break Room 86,,https://www.google.com/maps/place/Break+Room+86/data=!4m2!3m1!1s0x80c2b882eb65a121:0x821b0f97a818e7d,
GuYi Restaurant,,https://www.google.com/maps/place/GuYi+Restaurant/data=!4m2!3m1!1s0x80c2bca06fc00001:0x29f25d14227e2d0c,
Rosti Tuscan Kitchen - Santa Monica,,https://www.google.com/maps/place/Rosti+Tuscan+Kitchen+-+Santa+Monica/data=!4m2!3m1!1s0x80c2a4b9f1620171:0x829e42527d345fb9,
neat.,,https://www.google.com/maps/place/neat./data=!4m2!3m1!1s0x80c2bb0ee8ff40eb:0x839d26a63a13fdcf,
UCLA Mildred E. Mathias Botanical Garden,,https://www.google.com/maps/place/UCLA+Mildred+E.+Mathias+Botanical+Garden/data=!4m2!3m1!1s0x80c2bc80d7c8087f:0x2950430dfaddc677,
The Normandie Club,,https://www.google.com/maps/place/The+Normandie+Club/data=!4m2!3m1!1s0x80c2b882b7734309:0x8e360e2d220c3efb,
Din Tai Fung,,https://www.google.com/maps/place/Din+Tai+Fung/data=!4m2!3m1!1s0x80c2bb8cdbc09e1b:0xd0295ebc15a4485a,
The Palace Seafood & Dim Sum,,https://www.google.com/maps/place/The+Palace+Seafood+%26+Dim+Sum/data=!4m2!3m1!1s0x80c2bb67344b0c75:0x5a9f6dc8bb0424b8,
NIGHT + MARKET Sahm,,https://www.google.com/maps/place/NIGHT+%2B+MARKET+Sahm/data=!4m2!3m1!1s0x80c2ba8dd1a5aa8f:0x4230d765dc7b9852,
Katsuya Brentwood,,https://www.google.com/maps/place/Katsuya+Brentwood/data=!4m2!3m1!1s0x80c2bca0b11ae07f:0x6f422f18aa7d7eb7,
Baltaire Restaurant,,https://www.google.com/maps/place/Baltaire+Restaurant/data=!4m2!3m1!1s0x80c2bb7fd8d5649f:0x903063543097ce1f,
The Venue,,https://www.google.com/maps/place/The+Venue/data=!4m2!3m1!1s0x80c2c77d8642fe77:0xba5adf220cdd09c,
Mogumogu,,https://www.google.com/maps/place/Mogumogu/data=!4m2!3m1!1s0x80c2bb9ab593ebe5:0xfd2b963bffa59714,
The Gaslite,,https://www.google.com/maps/place/The+Gaslite/data=!4m2!3m1!1s0x80c2bb4bba2675fd:0xdd9977178af60645,
Pizzicotto,,https://www.google.com/maps/place/Pizzicotto/data=!4m2!3m1!1s0x80c2bca0a17144f7:0x862a170576010f14,
Simpang Asia,,https://www.google.com/maps/place/Simpang+Asia/data=!4m2!3m1!1s0x80c2bbcb99c2200f:0xc6b3dfc7ed3fbab2,
Literati Cafe,,https://www.google.com/maps/place/Literati+Cafe/data=!4m2!3m1!1s0x80c2bb5c92bc3ad1:0x59dfffa153f7d3a4,
BKK101 Thai Cuisine,,https://www.google.com/maps/place/BKK101+Thai+Cuisine/data=!4m2!3m1!1s0x80c2ba47f7ace5b7:0xde8dc6fbe9c8786d,
The Association,,https://www.google.com/maps/place/The+Association/data=!4m2!3m1!1s0x80c2c6357a71e59b:0xb2930b6a7cb869f8,
Lucky Strike,,https://www.google.com/maps/place/Lucky+Strike/data=!4m2!3m1!1s0x80c2c7b8294161af:0x77aba1bba4c995e,
Yard House,,https://www.google.com/maps/place/Yard+House/data=!4m2!3m1!1s0x80c2c7b782019c1b:0x24f5d5a36b75f58f,
The Red Chickz,,https://www.google.com/maps/place/The+Red+Chickz/data=!4m2!3m1!1s0x80c2c7557a18af85:0x64235ceed34f1282,
Mala Town,,https://www.google.com/maps/place/Mala+Town/data=!4m2!3m1!1s0x80c2bb74f792ebcf:0x946e7397f26f2aba,
Cha Cha Lounge,,https://www.google.com/maps/place/Cha+Cha+Lounge/data=!4m2!3m1!1s0x80c2c72eafab13bb:0xefdd02377b338296,
The Red Lion Tavern,,https://www.google.com/maps/place/The+Red+Lion+Tavern/data=!4m2!3m1!1s0x80c2c72eb047c06d:0x5f02f12a9bcd2cd8,
Barnsdall Art Park,,https://www.google.com/maps/place/Barnsdall+Art+Park/data=!4m2!3m1!1s0x80c2c0abf1f45351:0x441ec0f04a3d314a,
Angry Birdz,,https://www.google.com/maps/place/Angry+Birdz/data=!4m2!3m1!1s0x80c2bf1145be210f:0x1b598283bb9f2f68,
Belcampo Restaurant and Butcher Shop,,https://www.google.com/maps/place/Belcampo+Restaurant+and+Butcher+Shop/data=!4m2!3m1!1s0x80c2a4ca2e97d7bb:0x452f47b5527e937b,
Blu Jam Cafe,,https://www.google.com/maps/place/Blu+Jam+Cafe/data=!4m2!3m1!1s0x80c2bb44b3d6c71b:0x952235020431d19d,
Meet Fresh,,https://www.google.com/maps/place/Meet+Fresh/data=!4m2!3m1!1s0x80c2dafbe7f214b5:0x32bf2208fa146e50,
Exchange LA,,https://www.google.com/maps/place/Exchange+LA/data=!4m2!3m1!1s0x80c2c635674ceb67:0x4ae00b3a66e6527a,
Melody Lounge,,https://www.google.com/maps/place/Melody+Lounge/data=!4m2!3m1!1s0x80c2c659a1a08541:0xeba7d22a159b4008,
The Mermaid,,https://www.google.com/maps/place/The+Mermaid/data=!4m2!3m1!1s0x80c2c76baeec96b3:0xf00f6c9510176e84,
"The Standard, Downtown LA",,"https://www.google.com/maps/place/The+Standard,+Downtown+LA/data=!4m2!3m1!1s0x80c2c7b3934657ef:0x6520d96640ff6a1d",
Funnel Mill Rare Coffee & Tea,,https://www.google.com/maps/place/Funnel+Mill+Rare+Coffee+%26+Tea/data=!4m2!3m1!1s0x80c2a4cd1e4eb10b:0x8f84cf7839057f0,
Bao Dim Sum House,,https://www.google.com/maps/place/Bao+Dim+Sum+House/data=!4m2!3m1!1s0x80c2b94a9ee5eead:0x44a00ea978958773,
Blind Barber,,https://www.google.com/maps/place/Blind+Barber/data=!4m2!3m1!1s0x80c2ba3af2ca223d:0x6b803ecd02e6bba4,
Wexler's Deli,,https://www.google.com/maps/place/Wexler's+Deli/data=!4m2!3m1!1s0x80c2a4ce8762e731:0xe5570a19868dfb1a,
Maple Block Meat Co.,,https://www.google.com/maps/place/Maple+Block+Meat+Co./data=!4m2!3m1!1s0x80c2ba3f379d3695:0x164c4e72970d5b6c,
LA Farmers' Market,,https://www.google.com/maps/place/LA+Farmers'+Market/data=!4m2!3m1!1s0x80c2b930558eeb99:0x71a9177e9e240546,
Ginger's Divine Ice Creams,,https://www.google.com/maps/place/Ginger's+Divine+Ice+Creams/data=!4m2!3m1!1s0x80c2ba668b342a79:0xce46a4b1de8348ad,
Humble Potato,,https://www.google.com/maps/place/Humble+Potato/data=!4m2!3m1!1s0x80c2ba66c186d2f5:0xeaea51ba385c2046,
Gravlax,,https://www.google.com/maps/place/Gravlax/data=!4m2!3m1!1s0x80c2ba6604cf5b35:0xe94e09e0e1083cf1,
Bar Lubitsch,,https://www.google.com/maps/place/Bar+Lubitsch/data=!4m2!3m1!1s0x80c2bed00bdabec1:0xcda056035fc28bff,
Traktir Restaurant,,https://www.google.com/maps/place/Traktir+Restaurant/data=!4m2!3m1!1s0x80c2bec6550384f3:0x209b02a9ae65447d,
The Abbey,,https://www.google.com/maps/place/The+Abbey/data=!4m2!3m1!1s0x80c2beaf63f27cab:0xcc0c53e8bd68c702,
The Wiltern,,https://www.google.com/maps/place/The+Wiltern/data=!4m2!3m1!1s0x80c2b8852fb481a3:0x39f6bb2486263e6f,
General Lee's,,https://www.google.com/maps/place/General+Lee's/data=!4m2!3m1!1s0x80c2c6590c57e77d:0xb4141245f20f9515,
Olvera Street,,https://www.google.com/maps/place/Olvera+Street/data=!4m2!3m1!1s0x80c2c789d2a5c2a7:0x4611488aac0f8eed,
Swing On Top Of Elysian Park,,https://www.google.com/maps/place/Swing+On+Top+Of+Elysian+Park/data=!4m2!3m1!1s0x80c2c6ec126f73fd:0x4f0f0f4abe2ff6cf,
Elysian Park,,https://www.google.com/maps/place/Elysian+Park/data=!4m2!3m1!1s0x80c2c6e8caafe229:0x6a1b16997d81f565,
Topanga Beach,,https://www.google.com/maps/place/Topanga+Beach/data=!4m2!3m1!1s0x80c2a3e1ff69d211:0x9c36235bcbf83c1d,
EightyTwo,,https://www.google.com/maps/place/EightyTwo/data=!4m2!3m1!1s0x80c2c63909571c61:0x2f199c0f32052b46,
The Broad,,https://www.google.com/maps/place/The+Broad/data=!4m2!3m1!1s0x80c2c64d122ca65d:0x98f1041528d11ebf,
Los Angeles County Museum of Art,,https://www.google.com/maps/place/Los+Angeles+County+Museum+of+Art/data=!4m2!3m1!1s0x80c2b93cca9c7ab1:0x9b191d3aac3e37,
Great White,,https://www.google.com/maps/place/Great+White/data=!4m2!3m1!1s0x80c2bab90011d4c5:0x83833685e84d12bc,
Alibi Room,,https://www.google.com/maps/place/Alibi+Room/data=!4m2!3m1!1s0x80c2ba68b703a5f3:0x94e7f3e6513cd6f0,
The Chestnut Club,,https://www.google.com/maps/place/The+Chestnut+Club/data=!4m2!3m1!1s0x80c2bb34cc103d9f:0xf325904fd26ed0a6,
The Stalking Horse Brewery & Freehouse,,https://www.google.com/maps/place/The+Stalking+Horse+Brewery+%26+Freehouse/data=!4m2!3m1!1s0x80c2bb958c34fa31:0x2043dbe9ec7d7f92,
The Wellesbourne,,https://www.google.com/maps/place/The+Wellesbourne/data=!4m2!3m1!1s0x80c2bba2fbecdff5:0x2a67ca70b2b53da2,
Atlantic Seafood & Dim Sum Restaurant,,https://www.google.com/maps/place/Atlantic+Seafood+%26+Dim+Sum+Restaurant/data=!4m2!3m1!1s0x80c2c54220e3fa19:0x446720b9cd758479,
Himalayan House,,https://www.google.com/maps/place/Himalayan+House/data=!4m2!3m1!1s0x80c2c7f749b7065d:0x6b52bf023f9d656d,
Go Get Em Tiger,,https://www.google.com/maps/place/Go+Get+Em+Tiger/data=!4m2!3m1!1s0x80c2c776860530d1:0x6e3e694daa09fbbb,
Manuela,,https://www.google.com/maps/place/Manuela/data=!4m2!3m1!1s0x80c2c63ec988cfd5:0x7927f2642b088721,
Arts District Brewing Company,,https://www.google.com/maps/place/Arts+District+Brewing+Company/data=!4m2!3m1!1s0x80c2c63955a9146f:0xca3b30095e2dcb4c,
Angel City Brewery,,https://www.google.com/maps/place/Angel+City+Brewery/data=!4m2!3m1!1s0x80c2c638fe92c93b:0x4e029d3a86495d12,
Board House Coffee,,https://www.google.com/maps/place/Board+House+Coffee/data=!4m2!3m1!1s0x80c2bb68528b7e69:0xc69a003b2c226d40,
Lula Cocina Mexicana,,https://www.google.com/maps/place/Lula+Cocina+Mexicana/data=!4m2!3m1!1s0x80c2bad24b01015d:0x15154ecde627ddff,
Finn McCool's,,https://www.google.com/maps/place/Finn+McCool's/data=!4m2!3m1!1s0x80c2bad3b2238155:0x865643a185918381,
La Isla Bonita,,https://www.google.com/maps/place/La+Isla+Bonita/data=!4m2!3m1!1s0x80c2bacf86ad15c9:0x695c995122450fc2,
Flake,,https://www.google.com/maps/place/Flake/data=!4m2!3m1!1s0x80c2bac56dc59707:0x5e3c0f1c912d6803,
Wallflower,,https://www.google.com/maps/place/Wallflower/data=!4m2!3m1!1s0x80c2bac520e260e1:0x6d03dabe240e1548,
Casablanca,,https://www.google.com/maps/place/Casablanca/data=!4m2!3m1!1s0x80c2badcb348b8c1:0x60f7934ca06b51e7,
10 Speed Coffee,,https://www.google.com/maps/place/10+Speed+Coffee/data=!4m2!3m1!1s0x80c2bb6a1ced8fa9:0x766b300d25e02ca3,
UCLA Marina Aquatic Center,,https://www.google.com/maps/place/UCLA+Marina+Aquatic+Center/data=!4m2!3m1!1s0x80c2badf00000001:0xd1702b978cbf11ab,
Westwood Recreation Center,,https://www.google.com/maps/place/Westwood+Recreation+Center/data=!4m2!3m1!1s0x80c2bb7bbca20adf:0x31e8d2978cee1a1a,
Fat Sal's Deli,,https://www.google.com/maps/place/Fat+Sal's+Deli/data=!4m2!3m1!1s0x80c2bc8383dde457:0x60e6e43354b9f64f,
Regent Theater DTLA,,https://www.google.com/maps/place/Regent+Theater+DTLA/data=!4m2!3m1!1s0x80c2c64a0e40c543:0xaa4a3ffd29c99da6,
Cole's French Dip,,https://www.google.com/maps/place/Cole's+French+Dip/data=!4m2!3m1!1s0x80c2c6359f6c9d81:0xf5d57a5a78e20b09,
Road to Seoul,,https://www.google.com/maps/place/Road+to+Seoul/data=!4m2!3m1!1s0x80c2b87cfaacae1b:0x4384fd292dee8b2a,
Harvelle's Blues Club,,https://www.google.com/maps/place/Harvelle's+Blues+Club/data=!4m2!3m1!1s0x80c2a4ce28c6aeb7:0xf51705582314131a,
James' Beach,,https://www.google.com/maps/place/James'+Beach/data=!4m2!3m1!1s0x80c2babbe9f83bf7:0x2070a69d9f158fc6,
Xquisite Barber Lounge,,https://www.google.com/maps/place/Xquisite+Barber+Lounge/data=!4m2!3m1!1s0x80c2bab8631b4f8d:0x79eb0a740ab8f062,
Fritto Misto,,https://www.google.com/maps/place/Fritto+Misto/data=!4m2!3m1!1s0x80c2a4d26f54a6c7:0x22bf73150c62222f,
Solidarity,,https://www.google.com/maps/place/Solidarity/data=!4m2!3m1!1s0x80c2a4cc33bb4873:0x914168763d9ce122,
The Arsenal,,https://www.google.com/maps/place/The+Arsenal/data=!4m2!3m1!1s0x80c2bb0e492583b5:0x458ea6bc08c150a4,
Tacos Chidos,,https://www.google.com/maps/place/Tacos+Chidos/data=!4m2!3m1!1s0x80c2badb5a6a6301:0xbf63ae2965d47384,
Honeymee,,https://www.google.com/maps/place/Honeymee/data=!4m2!3m1!1s0x80c2bb0acdee752b:0x8a080e30cb2a0247,
Fogo de Chão,,https://www.google.com/maps/place/Fogo+de+Ch%C3%A3o/data=!4m2!3m1!1s0x80c2c7b6d98be28b:0xa29fcaf79cd7e2a9,
Noma Sushi Restaurant,,https://www.google.com/maps/place/Noma+Sushi+Restaurant/data=!4m2!3m1!1s0x80c2bb4bbbb84a43:0xf55198574d64f4c,
The Courtyard Kitchen,,https://www.google.com/maps/place/The+Courtyard+Kitchen/data=!4m2!3m1!1s0x80c2a4b0be8c9713:0x35872824fa848d23,
Wanderlust Creamery,,https://www.google.com/maps/place/Wanderlust+Creamery/data=!4m2!3m1!1s0x80c2bac2f90bffff:0xe324cc291ca93c47,
Wurstküche Restaurant Venice,,https://www.google.com/maps/place/Wurstk%C3%BCche+Restaurant+Venice/data=!4m2!3m1!1s0x80c2bac2f981b537:0x5fdbe506cb1fda88,
Baby Blues BBQ,,https://www.google.com/maps/place/Baby+Blues+BBQ/data=!4m2!3m1!1s0x80c2bac2fb53613d:0x73b56fb5141b1b8d,
El Huarique,,https://www.google.com/maps/place/El+Huarique/data=!4m2!3m1!1s0x80c2bab7f4fc2357:0xe9e8bd931bd888a6,
Intelligentsia Coffee Venice Coffeebar,,https://www.google.com/maps/place/Intelligentsia+Coffee+Venice+Coffeebar/data=!4m2!3m1!1s0x80c2babf65ac0199:0x12f1b16f685ac7a2,
Salt & Straw,,https://www.google.com/maps/place/Salt+%26+Straw/data=!4m2!3m1!1s0x80c2babf7607764b:0x8d119a68d0ede7ea,
TOMS Flagship Store,,https://www.google.com/maps/place/TOMS+Flagship+Store/data=!4m2!3m1!1s0x80c2babf72005db3:0x17110948ce87a1f2,
Ms. B's M & M Soul Food,,https://www.google.com/maps/place/Ms.+B's+M+%26+M+Soul+Food/data=!4m2!3m1!1s0x80c2b65545e57b41:0xb827f7130c6b08b2,
Tasty Noodle House,,https://www.google.com/maps/place/Tasty+Noodle+House/data=!4m2!3m1!1s0x80c2bb7529858711:0x64e9ec2b3453d83f,
Daikokuya,,https://www.google.com/maps/place/Daikokuya/data=!4m2!3m1!1s0x80c2bb0abe5eb73d:0xcb86fe517e713d5b,
Popcorn Chicken Taste of Taiwan,,https://www.google.com/maps/place/Popcorn+Chicken+Taste+of+Taiwan/data=!4m2!3m1!1s0x80c2bb0a9a6cf2ff:0x4a73dfc8c1886286,
Tsujita LA Artisan Noodle Annex,,https://www.google.com/maps/place/Tsujita+LA+Artisan+Noodle+Annex/data=!4m2!3m1!1s0x80c2bb751e51c9ed:0x8fdc4937c93c48d4,
Furaibo,,https://www.google.com/maps/place/Furaibo/data=!4m2!3m1!1s0x80c2bb7521288641:0x7cb1b81b4027c85a,
Tsujita LA Artisan Noodles,,https://www.google.com/maps/place/Tsujita+LA+Artisan+Noodles/data=!4m2!3m1!1s0x80c2bb74df48dd81:0xf5e9b108b806741f,
MARUGAME UDON,,https://www.google.com/maps/place/MARUGAME+UDON/data=!4m2!3m1!1s0x80c2bb74e6796961:0x8bfde4b56be9571c,
B Sweet Dessert Bar,,https://www.google.com/maps/place/B+Sweet+Dessert+Bar/data=!4m2!3m1!1s0x80c2bb74f6a656a7:0x82f5bf1e168ec94f,
Anzu,,https://www.google.com/maps/place/Anzu/data=!4m2!3m1!1s0x80c2bb7458491b17:0x1aa96e8f507eeebc,
Mizu 212,,https://www.google.com/maps/place/Mizu+212/data=!4m2!3m1!1s0x80c2bb7458a5533b:0xee4457360a58a294,
Chinchikurin,,https://www.google.com/maps/place/Chinchikurin/data=!4m2!3m1!1s0x80c2bb752b7b1485:0x8a5e812377dab51b,
Tatsu Ramen,,https://www.google.com/maps/place/Tatsu+Ramen/data=!4m2!3m1!1s0x80c2bb752c1d34f5:0xdfe8979da9941660,
Beard Papa's Sawtelle,,https://www.google.com/maps/place/Beard+Papa's+Sawtelle/data=!4m2!3m1!1s0x80c2bb7533cd9e9d:0x6ba9cabb8aa0d56d,
Blockheads Shavery,,https://www.google.com/maps/place/Blockheads+Shavery/data=!4m2!3m1!1s0x80c2bb74d9924fb1:0x8cd6c4f9c14cd7c4,
In-N-Out Burger,,https://www.google.com/maps/place/In-N-Out+Burger/data=!4m2!3m1!1s0x80c2ba8ea80437df:0x4f46808acafc48d4,
The Lincoln,,https://www.google.com/maps/place/The+Lincoln/data=!4m2!3m1!1s0x80c2ba8c2cc34adf:0x66be79bc1c15450e,
Morfia's,,https://www.google.com/maps/place/Morfia's/data=!4m2!3m1!1s0x80c2ba8f2f880ba5:0x7be02cc377e783db,
310 Coffee Company,,https://www.google.com/maps/place/310+Coffee+Company/data=!4m2!3m1!1s0x80c2ba4193837119:0xfc94d81661c164ec,
The Craftsman Bar and Kitchen,,https://www.google.com/maps/place/The+Craftsman+Bar+and+Kitchen/data=!4m2!3m1!1s0x80c2a4d048c7fe43:0x61b6105a443cf00d,
Lo/Cal Coffee and Market,,https://www.google.com/maps/place/Lo%2FCal+Coffee+and+Market/data=!4m2!3m1!1s0x80c2bb2316a55361:0xac16e1df94262bf6,
Santa Monica College,,https://www.google.com/maps/place/Santa+Monica+College/data=!4m2!3m1!1s0x80c2bb242526d98f:0x97234c617c926874,
Gaam,,https://www.google.com/maps/place/Gaam/data=!4m2!3m1!1s0x80c2c708f9209ce7:0xf37eb52b944f2ad7,
Quarters Korean BBQ,,https://www.google.com/maps/place/Quarters+Korean+BBQ/data=!4m2!3m1!1s0x80c2c77d3cd03da3:0x34cb953bda09e5f9,
Hae Jang Chon Korean BBQ Restaurant,,https://www.google.com/maps/place/Hae+Jang+Chon+Korean+BBQ+Restaurant/data=!4m2!3m1!1s0x80c2b89b437ecda9:0xc6e1364fd48e3303,
Szechuan Impression,,https://www.google.com/maps/place/Szechuan+Impression/data=!4m2!3m1!1s0x80c2c5122ae84031:0x87b928df1362ff9d,
Clover Park,,https://www.google.com/maps/place/Clover+Park/data=!4m2!3m1!1s0x80c2bb1de8270945:0xbe8e3141f798976b,
Marine Park,,https://www.google.com/maps/place/Marine+Park/data=!4m2!3m1!1s0x80c2baddb1503df3:0xcaffdbaae31642fe,
Gjusta,,https://www.google.com/maps/place/Gjusta/data=!4m2!3m1!1s0x80c2bac5f945be21:0x98feb3acb7938077,
sweetgreen,,https://www.google.com/maps/place/sweetgreen/data=!4m2!3m1!1s0x80c2a4cfb201948b:0xa42051562a2c0205,
Santa Monica Pier,,https://www.google.com/maps/place/Santa+Monica+Pier/data=!4m2!3m1!1s0x80c2a4d74d5ea79b:0xcd9a111aced18f4d,
Blue J Bar & Lounge,,https://www.google.com/maps/place/Blue+J+Bar+%26+Lounge/data=!4m2!3m1!1s0x80c2c639bce805ed:0x8d7800781affa5f0,
The Getty,,https://www.google.com/maps/place/The+Getty/data=!4m2!3m1!1s0x80c2bcd74227366f:0xda784a5a15aaaa25,
The Misfit Restaurant + Bar,,https://www.google.com/maps/place/The+Misfit+Restaurant+%2B+Bar/data=!4m2!3m1!1s0x80c2a4cfdd9c475f:0xa23e8d365323987,
BERLINS,,https://www.google.com/maps/place/BERLINS/data=!4m2!3m1!1s0x80c2bab82de2c2a5:0x34b64c8b9a19419d,
Menotti's Coffee Stop,,https://www.google.com/maps/place/Menotti's+Coffee+Stop/data=!4m2!3m1!1s0x80c2bab9b3aecce5:0x403ea9d657ac7f61,
Townhouse Venice,,https://www.google.com/maps/place/Townhouse+Venice/data=!4m2!3m1!1s0x80c2bab9b1bf2031:0xc6e6478b8658f44a,
Plancha Tacos®,,https://www.google.com/maps/place/Plancha+Tacos%C2%AE/data=!4m2!3m1!1s0x80c2babbe584e32f:0x26bcb88a7bee2c07,
Tanner's Coffee Co,,https://www.google.com/maps/place/Tanner's+Coffee+Co/data=!4m2!3m1!1s0x80c2ba1658458b1b:0xdf2041bfa9b51521,
Galbi King,,https://www.google.com/maps/place/Galbi+King/data=!4m2!3m1!1s0x80c2bbae8744edfd:0x33b277a2ab4a38f,
Doma Kitchen,,https://www.google.com/maps/place/Doma+Kitchen/data=!4m2!3m1!1s0x80c2b3f8bd60454b:0xa64a921201be9ce1,
Irori Japanese Restaurant,,https://www.google.com/maps/place/Irori+Japanese+Restaurant/data=!4m2!3m1!1s0x80c2ba7d7a18dac7:0x27bf14ead02e5ca8,
Topanga State Park,,https://www.google.com/maps/place/Topanga+State+Park/data=!4m2!3m1!1s0x80c2a246ae6045f3:0xd3d2c7bb5b9324a5,
Tokyo Beat,,https://www.google.com/maps/place/Tokyo+Beat/data=!4m2!3m1!1s0x80c2c647e0ec0de5:0xfa8472ecf75b5717,
Los Angeles County Arboretum and Botanic Garden,,https://www.google.com/maps/place/Los+Angeles+County+Arboretum+and+Botanic+Garden/data=!4m2!3m1!1s0x80c2db90ff43a939:0x31c6bc6097187e70,
Dolcenero Gelato,,https://www.google.com/maps/place/Dolcenero+Gelato/data=!4m2!3m1!1s0x80c2bad4d1e44c1b:0x462481c168465a10,
JINYA Ramen Bar,,https://www.google.com/maps/place/JINYA+Ramen+Bar/data=!4m2!3m1!1s0x80c2bad4d1e3c625:0xd65e12023156af40,
The Victorian,,https://www.google.com/maps/place/The+Victorian/data=!4m2!3m1!1s0x80c2bad375a5fd5f:0x3670a3510fff9e9,
Circle Bar,,https://www.google.com/maps/place/Circle+Bar/data=!4m2!3m1!1s0x80c2bad202502409:0x105c799284b670bd,
Chaya,,https://www.google.com/maps/place/Chaya/data=!4m2!3m1!1s0x80c2bace6c0fc94b:0x1cbc531c9b815177,
Rose Cafe,,https://www.google.com/maps/place/Rose+Cafe/data=!4m2!3m1!1s0x80c2bacf023f9e97:0xd029828d00402ca1,
Jeni's Splendid Ice Creams,,https://www.google.com/maps/place/Jeni's+Splendid+Ice+Creams/data=!4m2!3m1!1s0x80c2bac513bcc1db:0xad6d42fd1902f631,
Groundwork Coffee Co.,,https://www.google.com/maps/place/Groundwork+Coffee+Co./data=!4m2!3m1!1s0x80c2bac4b9b2dc31:0x446b0ae0d7a191e5,
Miyako Restaurant,,https://www.google.com/maps/place/Miyako+Restaurant/data=!4m2!3m1!1s0x80c2bb1c6e952e9b:0x16f5a24e428a873d,
Crimson,,https://www.google.com/maps/place/Crimson/data=!4m2!3m1!1s0x80c2bb201c1b62a5:0x4f834205e9d188fd,
Love Coffee Bar,,https://www.google.com/maps/place/Love+Coffee+Bar/data=!4m2!3m1!1s0x80c2bb2085dede0d:0x694a180adb27c779,
Nonstop Sushi & Sake Bar,,https://www.google.com/maps/place/Nonstop+Sushi+%26+Sake+Bar/data=!4m2!3m1!1s0x80c2bad76e6064c5:0x69c8d5489603a092,
Star Of Siam Santa Monica,,https://www.google.com/maps/place/Star+Of+Siam+Santa+Monica/data=!4m2!3m1!1s0x80c2badb0f1996ab:0x2964f28466d97385,
"Agra Indian Kitchen,Venice CA / Halal Food",,"https://www.google.com/maps/place/Agra+Indian+Kitchen,Venice+CA+%2F+Halal+Food/data=!4m2!3m1!1s0x80c2ba8e7f94f97d:0x4cf92e89267e17ff",
Eggslut,,https://www.google.com/maps/place/Eggslut/data=!4m2!3m1!1s0x80c2bab9ac1df3ed:0x556166e63905c0fa,
Seoul Tofu,,https://www.google.com/maps/place/Seoul+Tofu/data=!4m2!3m1!1s0x80c2bb752654407b:0x8fa696dfdde70383,
La Cabaña Restaurant,,https://www.google.com/maps/place/La+Caba%C3%B1a+Restaurant/data=!4m2!3m1!1s0x80c2bac345536273:0x8b015c3512788465,
LA Memorial Coliseum,,https://www.google.com/maps/place/LA+Memorial+Coliseum/data=!4m2!3m1!1s0x80c2c807d74e67fb:0x54cf0a70d5943d36,
Griffith Observatory,,https://www.google.com/maps/place/Griffith+Observatory/data=!4m2!3m1!1s0x80c2bf61e9d408cb:0x73ff07b1c2d6dadc,
The Last Bookstore,,https://www.google.com/maps/place/The+Last+Bookstore/data=!4m2!3m1!1s0x80c2c64a227f82ed:0x8591a1380838a935,
"University of California, Los Angeles",,"https://www.google.com/maps/place/University+of+California,+Los+Angeles/data=!4m2!3m1!1s0x80c2bc85f05c0f65:0x25a993585c134837",
Speak Easy Cocktail,,https://www.google.com/maps/place/Speak+Easy+Cocktail/data=!4m2!3m1!1s0x80c2bb2f40b1a713:0x4d096d29b74265b9,
Oo Kook Korean BBQ,,https://www.google.com/maps/place/Oo+Kook+Korean+BBQ/data=!4m2!3m1!1s0x80c2b8817bd39a39:0xbfe4f8b2f5877d94,
Taqueria Chihuahua,,https://www.google.com/maps/place/Taqueria+Chihuahua/data=!4m2!3m1!1s0x80c2bb2b967ec971:0x1389e9f380a0f976,
Mao's Kitchen,,https://www.google.com/maps/place/Mao's+Kitchen/data=!4m2!3m1!1s0x80c2bab853d953dd:0xb20a9f3080a8d276,
C&O Cucina,,https://www.google.com/maps/place/C%26O+Cucina/data=!4m2!3m1!1s0x80c2ba8e401b2d1d:0xad281372e331894c,
Ocean Park Ramen,,https://www.google.com/maps/place/Ocean+Park+Ramen/data=!4m2!3m1!1s0x80c2bb1c78ccac29:0xc8d3e096576465e5,
bluewhale,,https://www.google.com/maps/place/bluewhale/data=!4m2!3m1!1s0x80c2c6488ea39f65:0x3e547326dcefbbc2,
Komodo,,https://www.google.com/maps/place/Komodo/data=!4m2!3m1!1s0x80c2bace42fa2e95:0xe33dce98fd6f1f53,
Venice - Abbot Kinney Memorial Branch Library,,https://www.google.com/maps/place/Venice+-+Abbot+Kinney+Memorial+Branch+Library/data=!4m2!3m1!1s0x80c2babe6fad9a2f:0xee41c395c271df55,
The Boiling Crab,,https://www.google.com/maps/place/The+Boiling+Crab/data=!4m2!3m1!1s0x80c2bc819c95104d:0x9fe994f41c5f3548,
Curry House Japanese Curry & Spaghetti,,https://www.google.com/maps/place/Curry+House+Japanese+Curry+%26+Spaghetti/data=!4m2!3m1!1s0x80c2bb7533cd9e9d:0x14be069b5725abb9,
Killer Noodle,,https://www.google.com/maps/place/Killer+Noodle/data=!4m2!3m1!1s0x80c2bb74e300f8db:0x272f752ecb1b278d,
Urth Caffé Downtown LA,,https://www.google.com/maps/place/Urth+Caff%C3%A9+Downtown+LA/data=!4m2!3m1!1s0x80c2c63b819c5a17:0x560b879100a3bb9f,
L & L Hawaiian BBQ,,https://www.google.com/maps/place/L+%26+L+Hawaiian+BBQ/data=!4m2!3m1!1s0x80c2ba8639e055e3:0xce97bc6017f73490,
Sidecar Doughnuts & Coffee,,https://www.google.com/maps/place/Sidecar+Doughnuts+%26+Coffee/data=!4m2!3m1!1s0x80c2a4c8e7e39d3b:0xe6aadd46c0084c8,
El Torito,,https://www.google.com/maps/place/El+Torito/data=!4m2!3m1!1s0x80c2bb04a26d8de1:0x80069f5371f101aa,
Microsoft Theater,,https://www.google.com/maps/place/Microsoft+Theater/data=!4m2!3m1!1s0x80c2c7b900ec5d7f:0xc71d771bd9c0cf0f,
Sake House by Hikari,,https://www.google.com/maps/place/Sake+House+by+Hikari/data=!4m2!3m1!1s0x80c2c77d3fae89af:0x429bd7b34e22e141,
Cliffs of Id,,https://www.google.com/maps/place/Cliffs+of+Id/data=!4m2!3m1!1s0x80c2b99f6d9cb063:0xaf299b0bba08e083,
Tocaya Organica,,https://www.google.com/maps/place/Tocaya+Organica/data=!4m2!3m1!1s0x80c2bab90addeea1:0x7f4ce8eb22163a68,
ROC,,https://www.google.com/maps/place/ROC/data=!4m2!3m1!1s0x80c2bb74de6d8e11:0xe9ecec9f2e7e1cdf,
Holy Guacamole,,https://www.google.com/maps/place/Holy+Guacamole/data=!4m2!3m1!1s0x80c2bad21927ce7d:0x917b18c5fcfe1af,
Sun Nong Dan,,https://www.google.com/maps/place/Sun+Nong+Dan/data=!4m2!3m1!1s0x80c2c77d10ba0f7f:0xb813984a51e3d554,
BCD Tofu House,,https://www.google.com/maps/place/BCD+Tofu+House/data=!4m2!3m1!1s0x80c2b8831c5ab3a1:0xe81dfbb2ef41329a,
Baldwin Hills Scenic Overlook,,https://www.google.com/maps/place/Baldwin+Hills+Scenic+Overlook/data=!4m2!3m1!1s0x80c2b98e3455d25f:0x452d819465b02,
Runyon Canyon Park,,https://www.google.com/maps/place/Runyon+Canyon+Park/data=!4m2!3m1!1s0x80c2bee0566e7d85:0xb93ef5e6e3eadc40,
Venice Canals,,https://www.google.com/maps/place/Venice+Canals/data=!4m2!3m1!1s0x80c2baa2bf5a7289:0x96e7291be897f918,
901 Bar and Grill,,https://www.google.com/maps/place/901+Bar+and+Grill/data=!4m2!3m1!1s0x80c2c7e772be006b:0x2bf7d2de0f67fd10,
Nighthawk: Breakfast Bar,,https://www.google.com/maps/place/Nighthawk:+Breakfast+Bar/data=!4m2!3m1!1s0x80c2bf2498b2b627:0x2bb7a2a63be37461,
Surfside Venice,,https://www.google.com/maps/place/Surfside+Venice/data=!4m2!3m1!1s0x80c2bab9cabe6eff:0x943a4c74c5982ea4,
Magal BBQ,,https://www.google.com/maps/place/Magal+BBQ/data=!4m2!3m1!1s0x80c2b886aa26e391:0x9855a6209d5ad6b1,
Espresso Profeta,,https://www.google.com/maps/place/Espresso+Profeta/data=!4m2!3m1!1s0x80c2bc8196732793:0x1e3f4c453a526e8b,
Bank of Venice,,https://www.google.com/maps/place/Bank+of+Venice/data=!4m2!3m1!1s0x80c2bab9ac551b23:0xd2d11a061e0417dc,
Redbird,,https://www.google.com/maps/place/Redbird/data=!4m2!3m1!1s0x80c2c6491a958cbf:0x9353f32dc373fe0b,
Ruen Pair,,https://www.google.com/maps/place/Ruen+Pair/data=!4m2!3m1!1s0x80c2bf50cb08ff07:0x939a85e3b779e03b,
Bhan Kanom Thai,,https://www.google.com/maps/place/Bhan+Kanom+Thai/data=!4m2!3m1!1s0x80c2bf50d2708643:0xaed006f01cf1e19e,
Ekkamai Thai Restaurant,,https://www.google.com/maps/place/Ekkamai+Thai+Restaurant/data=!4m2!3m1!1s0x80c2ba8a323586bb:0x152ce3f5b5e1aacd,
Muscle Beach,,https://www.google.com/maps/place/Muscle+Beach/data=!4m2!3m1!1s0x80c2bab79cb7dde5:0x635f1fdc6f199ffe,
Messob Ethiopian Restaurant,,https://www.google.com/maps/place/Messob+Ethiopian+Restaurant/data=!4m2!3m1!1s0x80c2b915e86e9919:0xd19548d76e27a2fc,
SushiStop Sawtelle South,,https://www.google.com/maps/place/SushiStop+Sawtelle+South/data=!4m2!3m1!1s0x80c2bb0a958dad45:0xe8342c94145a052d,
University of Southern California,,https://www.google.com/maps/place/University+of+Southern+California/data=!4m2!3m1!1s0x80c2c7e49c71a5ed:0xaa905a5bb427a2c4,
